536957906157;000;metodo invalido;post;comercial;04/15/20;07:58:02
90921128065;000;validar header- no se enviaron todo los parametros- header_controller;post;;04/15/20;09:45:24
37039916296;000;validar header- no se enviaron todo los parametros- header_controller;post;;04/15/20;09:46:50
119480856708;000;validar header- no se enviaron todo los parametros- header_controller;post;;04/15/20;09:52:37
514262839;000;validar token- token invalido- token_model;post;;04/15/20;09:52:37
2534420906;000;validar si trae los parametros necesario- no se enviaron los parametros- login_controller;post;;04/15/20;09:52:37
779519498;000;validar token- token invalido- token_model;post;;04/15/20;09:52:37
4548015182;000;validar si lleva json la consulta- no se enviaron json- validaciones;post;;04/15/20;09:52:37
8055684583;000;validar token- token invalido- token_model;post;;04/15/20;09:52:37
27369966769;000;metodo invalido;post;comercial;04/15/20;09:52:37
7401102053;000;validar token- token invalido- token_model;post;;04/15/20;09:57:06
122265760189;000;validar si trae los parametros necesario- no se enviaron los parametros- login_controller;post;;04/15/20;09:57:06
88880794169;000;validar token- token invalido- token_model;post;;04/15/20;09:57:06
44539630811;000;metodo invalido;post;comercial;04/15/20;09:57:06
0310663935;000;validar token- token invalido- token_model;post;;04/15/20;09:59:35
780505702194;000;validar si trae los parametros necesario- no se enviaron los parametros- login_controller;post;;04/15/20;09:59:35
319810668;000;validar token- token invalido- token_model;post;;04/15/20;09:59:35
77978099391;000;validar token- token invalido- token_model;post;;04/15/20;10:02:12
3744744663;000;validar login- no existe la referencia de la db- login_model;post;;04/15/20;10:02:12
582618075704;000;validar token- token invalido- token_model;post;;04/15/20;10:03:17
15385644653;000;validar login- usuario no existe o no permitido para este login- login_model;post;;04/15/20;10:03:17
781272208108;000;validar token- token invalido- token_model;post;;04/15/20;10:08:41
1050254339;000;validar token- token invalido- token_model;post;;04/15/20;10:08:41
9951601610;000;validar token- token invalido- token_model;post;;04/15/20;10:08:41
2476960949;000;validar token- token invalido- token_model;post;;04/15/20;10:39:43
97512581690;000;validar token- token invalido- token_model;post;;04/15/20;10:40:08
536237336;000;validar token- token invalido- token_model;post;;04/15/20;10:40:08
438844491;000;validar token- token invalido- token_model;post;;04/15/20;10:40:08
29995023020;000;validar token- token invalido- token_model;post;;04/15/20;10:42:21
43153161511;000;validar token- token invalido- token_model;post;;04/15/20;10:44:12
63909919375;000;validar token- token invalido- token_model;post;;04/15/20;10:51:48
82172302265;000;validar token- token invalido- token_model;post;;04/15/20;10:52:14
126446891;000;validar token- token invalido- token_model;post;;04/15/20;10:52:24
384378555;000;validar token- token invalido- token_model;post;;04/15/20;10:52:56
568194836889;000;validar token- token invalido- token_model;post;;04/15/20;10:53:15
6834898725;000;validar token- token invalido- token_model;post;;04/15/20;10:53:53
0870948632;000;validar token- token invalido- token_model;post;;04/15/20;10:54:02
20272232393;000;validar token- token invalido- token_model;post;;04/15/20;10:54:15
5860673463;000;validar token- token invalido- token_model;post;;04/15/20;10:54:31
667827811;000;validar token- token invalido- token_model;post;;04/15/20;10:54:31
1072125185;000;validar login- usuario no existe o no permitido para este login- login_model;post;;04/15/20;10:54:31
879706084;000;validar token- token invalido- token_model;post;;04/15/20;10:55:51
0979206584;000;validar login- usuario no existe o no permitido para este login- login_model;post;;04/15/20;10:55:51
05190403692;000;validar token- token invalido- token_model;post;;04/15/20;11:02:04
365228981314;000;validar login- usuario no existe o no permitido para este login- login_model;post;;04/15/20;11:02:04
3692771357;000;validar token- token invalido- token_model;post;;04/15/20;11:02:39
47750577832;000;validar login- usuario no existe o no permitido para este login- login_model;post;;04/15/20;11:02:39
993950918;000;validar token- token invalido- token_model;post;;04/15/20;11:03:00
17302895674;000;validar login- usuario no existe o no permitido para este login- login_model;post;;04/15/20;11:03:00
94163751825;000;validar token- token invalido- token_model;post;;04/15/20;11:03:14
4784431595;000;validar login- usuario no existe o no permitido para este login- login_model;post;;04/15/20;11:03:14
52467646176;000;validar token- token invalido- token_model;post;;04/15/20;11:04:48
618883833202;000;validar login- usuario no existe o no permitido para este login- login_model;post;;04/15/20;11:04:48
417916419;000;validar token- token invalido- token_model;post;;04/15/20;11:05:05
436074475652;000;validar login- usuario no existe o no permitido para este login- login_model;post;;04/15/20;11:05:05
0752226795;000;validar token- token invalido- token_model;post;;04/15/20;11:05:14
587952657658;000;validar login- usuario no existe o no permitido para este login- login_model;post;;04/15/20;11:05:14
4717352411;000;validar token- token invalido- token_model;post;;04/15/20;11:05:14
63315379911;000;validar token- token invalido- token_model;post;;04/15/20;22:50:58
125194437;000;validar si lleva json la consulta- no se enviaron json- validaciones;post;;04/15/20;22:50:58
783585024384;000;validar token- token invalido- token_model;post;;04/15/20;22:50:58
18524041077;000;validar si trae los parametros necesario- no se enviaron los parametros- registrar_controller;post;;04/15/20;22:50:58
<<<<<<< HEAD
84960333207;000;validar token- token invalido- token_model;post;;04/16/20;00:33:39
0605439750;000;validar token- token invalido- token_model;post;;04/16/20;00:49:14
05409824509;000;validar si lleva json la consulta- no se enviaron json- validaciones;post;;04/16/20;00:49:14
680029798251;000;validar token- token invalido- token_model;post;;04/16/20;00:49:14
84533725578;000;validar si trae los parametros necesario- no se enviaron los parametros- registrar_controller;post;;04/16/20;00:49:14
01190311811;000;validar token- token invalido- token_model;post;;04/16/20;00:49:14
73349609840;000;validar si trae los parametros necesario- no se enviaron los parametros- registrar_controller;post;;04/16/20;00:49:14
5042461301;000;validar token- token invalido- token_model;post;;04/16/20;00:49:14
695717022837;000;validar si trae los parametros necesario- no se enviaron los parametros- registrar_controller;post;;04/16/20;00:49:14
366563451;000;validar token- token invalido- token_model;post;;04/16/20;00:49:14
6178917666;000;validar si trae los parametros necesario- no se enviaron los parametros- registrar_controller;post;;04/16/20;00:49:14
6450095543;000;validar token- token invalido- token_model;post;;04/16/20;00:53:34
769305308;000;validar token- token invalido- token_model;post;;04/16/20;00:54:15
856619808;000;validar si trae los parametros necesario- no se enviaron los parametros- registrar_controller;post;;04/16/20;00:54:15
179116526907;000;validar token- token invalido- token_model;post;;04/16/20;01:01:43
6365989220;000;validar permiso admin- ocurrio un error- validaciones;post;;04/16/20;01:01:43
25942555325;000;validar token- token invalido- token_model;post;;04/16/20;01:01:43
8126350464;000;validar permiso admin- ocurrio un error- validaciones;post;;04/16/20;01:01:43
41530189049;000;validar token- token invalido- token_model;post;;04/16/20;01:01:43
858217467115;000;validar permiso admin- ocurrio un error- validaciones;post;;04/16/20;01:01:43
602066254;000;validar token- token invalido- token_model;post;;04/16/20;01:02:53
56300046872;000;validar permiso admin- ocurrio un error- validaciones;post;;04/16/20;01:02:53
1030220518;000;validar token- token invalido- token_model;post;;04/16/20;01:03:05
8683128509;000;validar permiso admin- ocurrio un error- validaciones;post;;04/16/20;01:03:05
702926278;000;validar token- token invalido- token_model;post;;04/16/20;01:03:37
561436034;000;validar permiso admin- ocurrio un error- validaciones;post;;04/16/20;01:03:37
891693612;000;validar token- token invalido- token_model;post;;04/16/20;01:03:37
616803763831;000;validar permiso admin- ocurrio un error- validaciones;post;;04/16/20;01:03:37
508529784;000;validar token- token invalido- token_model;post;;04/16/20;01:04:09
64834111760;000;validar si trae los parametros necesario- no se enviaron los parametros- registrar_controller;post;;04/16/20;01:04:09
94976217714;000;validar token- token invalido- token_model;post;;04/16/20;01:04:09
116342709092;000;validar si trae los parametros necesario- no se enviaron los parametros- registrar_controller;post;;04/16/20;01:04:09
125728260436;000;validar token- token invalido- token_model;post;;04/16/20;01:04:31
490574840037;000;validar si trae los parametros necesario- no se enviaron los parametros- registrar_controller;post;;04/16/20;01:04:31
341335087;000;validar token- token invalido- token_model;post;;04/16/20;01:05:22
34245979500;000;validar si trae los parametros necesario- no se enviaron los parametros- registrar_controller;post;;04/16/20;01:05:22
630858374807;000;validar token- token invalido- token_model;post;;04/16/20;01:05:56
5025339294;000;validar permiso admin- ocurrio un error- validaciones;post;;04/16/20;01:05:56
46291759784;000;validar token- token invalido- token_model;post;;04/16/20;01:05:56
691782665505;000;validar permiso admin- ocurrio un error- validaciones;post;;04/16/20;01:05:56
797888426;000;validar token- token invalido- token_model;post;;04/16/20;01:07:18
7931493463;000;validar permiso admin- ocurrio un error- validaciones;post;;04/16/20;01:07:18
400843702194;000;validar token- token invalido- token_model;post;;04/16/20;01:07:18
00917768178;000;validar si lleva json la consulta- no se enviaron json- validaciones;post;;04/16/20;01:07:18
3443293004;000;validar token- token invalido- token_model;post;;04/16/20;01:07:18
404062055;000;validar permiso admin- ocurrio un error- validaciones;post;;04/16/20;01:07:18
5394063149;000;validar token- token invalido- token_model;post;;04/16/20;01:08:53
020190920;000;validar permiso admin- ocurrio un error- validaciones;post;;04/16/20;01:08:53
2022625425;000;validar token- token invalido- token_model;post;;04/16/20;01:08:53
71594062804;000;validar permiso admin- ocurrio un error- validaciones;post;;04/16/20;01:08:53
928250015338;000;validar token- token invalido- token_model;post;;04/16/20;01:09:22
767418917;000;validar permiso admin- ocurrio un error- validaciones;post;;04/16/20;01:09:22
743115999334;000;validar token- token invalido- token_model;post;;04/16/20;01:09:50
5556822956;000;validar permiso admin- ocurrio un error- validaciones;post;;04/16/20;01:09:50
826791678;000;validar token- token invalido- token_model;post;;04/16/20;01:10:19
328485203591;000;validar permiso admin- usuario no tiene permiso de admin- validaciones;post;;04/16/20;01:10:19
738418833;000;validar token- token invalido- token_model;post;;04/16/20;01:10:19
121417082283;000;validar token- token invalido- token_model;post;;04/16/20;01:10:19
141737931;000;validar token- token invalido- token_model;post;;04/16/20;01:10:19
084761755353;000;validar token- token invalido- token_model;post;;04/16/20;01:21:58
375486318453;000;validar token- token invalido- token_model;post;;04/16/20;01:27:38
38971483399;000;validar token- token invalido- token_model;post;;04/16/20;01:28:34
0428271196;000;validar  token corresponda a uid- token no corresponde a uid- validaciones;post;;04/16/20;01:28:34
9770258657;000;validar token- token invalido- token_model;post;;04/16/20;01:59:50
4802632469;000;validar  token corresponda a uid- token no corresponde a uid- validaciones;post;;04/16/20;01:59:50
96556940778;000;validar token- token invalido- token_model;post;;04/16/20;01:59:50
11989524527;000;validar  token corresponda a uid- token no corresponde a uid- validaciones;post;;04/16/20;01:59:50
261434509;000;validar token- token invalido- token_model;post;;04/16/20;01:59:50
8135267893;000;validar  token corresponda a uid- token no corresponde a uid- validaciones;post;;04/16/20;01:59:50
362684599086;000;validar token- token invalido- token_model;post;;04/16/20;02:01:27
837664440962;000;validar  token corresponda a uid- token no corresponde a uid- validaciones;post;;04/16/20;02:01:27
923658049396;000;validar token- token invalido- token_model;post;;04/16/20;02:01:27
141120411316;000;validar  token corresponda a uid- token no corresponde a uid- validaciones;post;;04/16/20;02:01:27
9959592396;000;validar permiso admin- usuario no tiene permiso de admin- validaciones;post;;04/16/20;02:01:27
9171197662;000;validar token- token invalido- token_model;post;;04/16/20;02:01:27
948102508;000;validar  token corresponda a uid- token no corresponde a uid- validaciones;post;;04/16/20;02:01:27
48022336213;000;validar token- token invalido- token_model;post;;04/16/20;02:03:19
924563378;000;validar  token corresponda a uid- token no corresponde a uid- validaciones;post;;04/16/20;02:03:19
007706423;000;validar token- token invalido- token_model;post;;04/16/20;02:03:39
7690931920;000;validar  token corresponda a uid- token no corresponde a uid- validaciones;post;;04/16/20;02:03:39
951928223247;000;validar token- token invalido- token_model;post;;04/16/20;02:04:14
4530962392;000;validar  token corresponda a uid- token no corresponde a uid- validaciones;post;;04/16/20;02:04:14
209334043087;000;validar token- token invalido- token_model;post;;04/16/20;02:04:55
513844626195;000;validar  token corresponda a uid- token no corresponde a uid- validaciones;post;;04/16/20;02:04:55
492883300635;000;validar token- token invalido- token_model;post;;04/16/20;02:05:11
98580514176;000;validar  token corresponda a uid- token no corresponde a uid- validaciones;post;;04/16/20;02:05:11
4382237544;000;validar token- token invalido- token_model;post;;04/16/20;02:05:11
267533315160;000;validar  token corresponda a uid- token no corresponde a uid- validaciones;post;;04/16/20;02:05:11
8720457982;000;validar token- token invalido- token_model;post;;04/16/20;02:06:20
431025069271;000;validar  token corresponda a uid- token no corresponde a uid- validaciones;post;;04/16/20;02:06:20
28692695867;000;validar token- token invalido- token_model;post;;04/16/20;02:06:42
5334262161;000;validar  token corresponda a uid- token no corresponde a uid- validaciones;post;;04/16/20;02:06:42
30498101582;000;validar token- token invalido- token_model;post;;04/16/20;02:06:42
603082793;000;validar  token corresponda a uid- token no corresponde a uid- validaciones;post;;04/16/20;02:06:42
44410117418;000;validar token- token invalido- token_model;post;;04/16/20;02:16:09
907279051970;000;validar  token corresponda a uid- token no corresponde a uid- validaciones;post;;04/16/20;02:16:09
5975652204;000;validar token- token invalido- token_model;post;;04/16/20;02:16:28
8197127277;000;validar  token corresponda a uid- token no corresponde a uid- validaciones;post;;04/16/20;02:16:28
983953953778;0001;errore en la creacion de usuario;POST;admin;04/16/20;02:16:28
2071234542;000;validar token- token invalido- token_model;post;;04/16/20;02:17:05
3843170841;000;validar  token corresponda a uid- token no corresponde a uid- validaciones;post;;04/16/20;02:17:05
16257732274;000;validar token- token invalido- token_model;post;;04/16/20;02:17:19
532095234970;000;validar  token corresponda a uid- token no corresponde a uid- validaciones;post;;04/16/20;02:17:19
035070715;0001;errore en la creacion de usuario;POST;admin;04/16/20;02:17:19
352812557509;000;validar token- token invalido- token_model;post;;04/16/20;02:18:10
388291376;000;validar  token corresponda a uid- token no corresponde a uid- validaciones;post;;04/16/20;02:18:10
276294283;0001;errore en la creacion de usuario;POST;admin;04/16/20;02:18:10
036656984224;000;validar token- token invalido- token_model;post;;04/16/20;02:18:47
549467424670;000;validar  token corresponda a uid- token no corresponde a uid- validaciones;post;;04/16/20;02:18:47
70023463720;0001;errore en la creacion de usuario;POST;admin;04/16/20;02:18:47
2171324171;000;validar token- token invalido- token_model;post;;04/16/20;02:19:02
20774219209;000;validar  token corresponda a uid- token no corresponde a uid- validaciones;post;;04/16/20;02:19:02
6809073377;000;validar token- token invalido- token_model;post;;04/16/20;02:19:02
332973078737;000;validar  token corresponda a uid- token no corresponde a uid- validaciones;post;;04/16/20;02:19:02
4312024307;0001;errore en la creacion de usuario;POST;admin;04/16/20;02:19:02
540136899;000;validar token- token invalido- token_model;post;;04/16/20;02:20:35
46583919568;000;validar  token corresponda a uid- token no corresponde a uid- validaciones;post;;04/16/20;02:20:35
35662990787;0001;errore en la creacion de usuario;POST;admin;04/16/20;02:20:35
85567156901;000;validar token- token invalido- token_model;post;;04/16/20;02:21:17
949596134188;000;validar  token corresponda a uid- token no corresponde a uid- validaciones;post;;04/16/20;02:21:17
9782953631;000;crear usuario;POST;admin;04/16/20;02:21:17
05956203622;000;validar token- token invalido- token_model;post;;04/16/20;02:22:17
891925702;000;validar  token corresponda a uid- token no corresponde a uid- validaciones;post;;04/16/20;02:22:17
88630582422;000;crear usuario;POST;admin;04/16/20;02:22:17
674775718;000;validar token- token invalido- token_model;post;;04/16/20;02:22:17
458090451;000;validar token- token invalido- token_model;post;;04/16/20;02:22:17
885206485;000;validar token- token invalido- token_model;post;;04/16/20;02:22:17
85193854015;000;validar  token corresponda a uid- token no corresponde a uid- validaciones;post;;04/16/20;02:22:17
7325738141;000;validar  token corresponda a uid- token no corresponde a uid- validaciones;post;;04/16/20;02:22:17
277750486350;000;validar  token corresponda a uid- token no corresponde a uid- validaciones;post;;04/16/20;02:22:17
5740647375;000;crear usuario;POST;admin;04/16/20;02:22:17
8848672713;000;crear usuario;POST;admin;04/16/20;02:22:17
053779891007;000;crear usuario;POST;admin;04/16/20;02:22:17
993664021573;000;validar token- token invalido- token_model;post;;04/16/20;02:22:17
72780844114;000;validar  token corresponda a uid- token no corresponde a uid- validaciones;post;;04/16/20;02:22:17
2736174503;000;crear usuario;POST;admin;04/16/20;02:22:17
01845213790;000;validar token- token invalido- token_model;post;;04/16/20;02:22:17
900053335676;000;validar  token corresponda a uid- token no corresponde a uid- validaciones;post;;04/16/20;02:22:17
1014233108;000;crear usuario;POST;admin;04/16/20;02:22:17
8261617021;000;validar token- token invalido- token_model;post;;04/16/20;02:24:20
238690679;000;validar  token corresponda a uid- token no corresponde a uid- validaciones;post;;04/16/20;02:24:20
775724848;000;validar email si existe - email si existe - validaciones;post;;04/16/20;02:24:20
846469398;000;validar token- token invalido- token_model;post;;04/16/20;02:24:20
46273727632;000;validar  token corresponda a uid- token no corresponde a uid- validaciones;post;;04/16/20;02:24:20
965035164472;000;crear usuario;POST;admin;04/16/20;02:24:20
229330564;000;validar token- token invalido- token_model;post;;04/16/20;02:24:20
278282089;000;validar  token corresponda a uid- token no corresponde a uid- validaciones;post;;04/16/20;02:24:20
051744879;000;validar telefono si existe - telefono si existe - validaciones;post;;04/16/20;02:24:20
820623349;000;validar token- token invalido- token_model;post;;04/16/20;08:20:34
2412146334;000;validar  token corresponda a uid- token no corresponde a uid- validaciones;post;;04/16/20;08:20:34
099186865;000;validar telefono si existe - telefono si existe - validaciones;post;;04/16/20;08:20:34
72723766949;000;validar token- token invalido- token_model;post;;04/16/20;08:20:34
229111033982;000;validar  token corresponda a uid- token no corresponde a uid- validaciones;post;;04/16/20;08:20:34
03932335203;000;crear usuario;POST;admin;04/16/20;08:20:34
52148890557;000;validar token- token invalido- token_model;post;;04/16/20;08:21:51
0871968114;000;validar  token corresponda a uid- token no corresponde a uid- validaciones;post;;04/16/20;08:21:51
665888850106;000;crear usuario;POST;admin;04/16/20;08:21:51
318941842;000;validar token- token invalido- token_model;post;;04/16/20;08:22:19
968020000;000;validar si trae los parametros necesario- no se enviaron los parametros- registrar_controller;post;;04/16/20;08:22:19
8987031765;000;validar token- token invalido- token_model;post;;04/16/20;08:22:19
332740768277;000;validar  token corresponda a uid- token no corresponde a uid- validaciones;post;;04/16/20;08:22:19
839626269;000;crear usuario;POST;admin;04/16/20;08:22:19
7334966744;000;validar token- token invalido- token_model;post;;04/16/20;08:22:19
997592395;000;validar  token corresponda a uid- token no corresponde a uid- validaciones;post;;04/16/20;08:22:19
658185427779;000;crear usuario;POST;admin;04/16/20;08:22:19
6240311312;000;validar token- token invalido- token_model;post;;04/16/20;08:22:19
792555818768;000;validar si lleva json la consulta- no se enviaron json- validaciones;post;;04/16/20;08:22:19
167737088698;000;validar token- token invalido- token_model;post;;04/16/20;08:22:19
697577242;000;validar  token corresponda a uid- token no corresponde a uid- validaciones;post;;04/16/20;08:22:19
3279171998;000;crear usuario;POST;admin;04/16/20;08:22:19
636542228156;000;validar token- token invalido- token_model;post;;04/16/20;08:25:48
991896583060;000;validar  token corresponda a uid- token no corresponde a uid- validaciones;post;;04/16/20;08:25:48
3775762690;000;crear usuario;POST;admin;04/16/20;08:25:48
045591026906;000;validar token- token invalido- token_model;post;;04/16/20;08:25:48
215976257356;000;validar  token corresponda a uid- token no corresponde a uid- validaciones;post;;04/16/20;08:25:48
168073088968;000;validar token- token invalido- token_model;post;;04/16/20;08:35:21
591592040;000;validar  token corresponda a uid- token no corresponde a uid- validaciones;post;;04/16/20;08:35:21
773265906;000;validar email si existe - email si existe - validaciones;post;;04/16/20;08:35:21
603243721815;000;validar token- token invalido- token_model;post;;04/16/20;08:35:21
87255510357;000;validar  token corresponda a uid- token no corresponde a uid- validaciones;post;;04/16/20;08:35:21
818043236;000;validar token- token invalido- token_model;post;;04/16/20;08:37:17
0081950320;000;validar  token corresponda a uid- token no corresponde a uid- validaciones;post;;04/16/20;08:37:17
816660347729;000;validar token- token invalido- token_model;post;;04/16/20;08:45:09
770505415;000;validar  token corresponda a uid- token no corresponde a uid- validaciones;post;;04/16/20;08:45:09
611646459;000;validar email si existe - email si existe - validaciones;post;;04/16/20;08:45:09
583680160033;000;validar token- token invalido- token_model;post;;04/16/20;08:47:10
4540151365;000;validar  token corresponda a uid- token no corresponde a uid- validaciones;post;;04/16/20;08:47:10
681605865561;000;validar email si existe - email si existe - validaciones;post;;04/16/20;08:47:10
2271058668;000;validar token- token invalido- token_model;post;;04/16/20;08:47:42
890161707;000;validar  token corresponda a uid- token no corresponde a uid- validaciones;post;;04/16/20;08:47:42
89298825415;000;validar email si existe - email si existe - validaciones;post;;04/16/20;08:47:42
0554973980;000;validar token- token invalido- token_model;post;;04/16/20;08:48:47
4350067166;000;validar  token corresponda a uid- token no corresponde a uid- validaciones;post;;04/16/20;08:48:47
58507124410;000;validar email si existe - email si existe - validaciones;post;;04/16/20;08:48:47
55785286663;000;validar token- token invalido- token_model;post;;04/16/20;08:48:47
229182972303;000;validar  token corresponda a uid- token no corresponde a uid- validaciones;post;;04/16/20;08:48:47
6837251954;000;validar token- token invalido- token_model;post;;04/16/20;08:53:09
5006273564;000;validar login- ocurrio un error- login_model;post;;04/16/20;08:53:09
457636698;000;validar token- token invalido- token_model;post;;04/16/20;08:53:59
770539426;000;validar login- ocurrio un error- login_model;post;;04/16/20;08:53:59
6720588029;000;validar token- token invalido- token_model;post;;04/16/20;08:54:49
223749027;000;validar login- ocurrio un error- login_model;post;;04/16/20;08:54:49
0235161994;000;validar token- token invalido- token_model;post;;04/16/20;09:04:04
4455460488;000;validar login- usuario no existe o no permitido para este login- login_model;post;;04/16/20;09:04:04
005207838764;000;validar token- token invalido- token_model;post;;04/16/20;09:04:25
1988885230;000;validar token- token invalido- token_model;post;;04/16/20;09:04:25
405797235;000;validar  token corresponda a uid- token no corresponde a uid- validaciones;post;;04/16/20;09:04:25
600463815027;000;validar email si existe - email si existe - validaciones;post;;04/16/20;09:04:25
63271386279;000;validar token- token invalido- token_model;post;;04/16/20;09:04:25
51085219480;000;validar  token corresponda a uid- token no corresponde a uid- validaciones;post;;04/16/20;09:04:25
9758272031;000;validar permiso admin- usuario no tiene permiso de admin- validaciones;post;;04/16/20;09:04:25
25382296476;000;validar token- token invalido- token_model;post;;04/16/20;09:22:15
4456175442;000;validar  token corresponda a uid- token no corresponde a uid- validaciones;post;;04/16/20;09:22:15
6956260890;000;validar token- token invalido- token_model;post;;04/16/20;09:22:15
2725715353;000;validar  token corresponda a uid- token no corresponde a uid- validaciones;post;;04/16/20;09:22:15
415771554;000;validar email si existe - email si existe - validaciones;post;;04/16/20;09:22:15
839046602164;000;validar token- token invalido- token_model;post;;04/16/20;09:23:42
8624734499;000;validar si trae los parametros necesario- no se enviaron los parametros- registrar_controller;post;;04/16/20;09:23:42
375542304808;000;validar token- token invalido- token_model;post;;04/16/20;09:23:42
19219623911;000;validar  token corresponda a uid- token no corresponde a uid- validaciones;post;;04/16/20;09:23:42
280685004114;000;validar email si existe - email si existe - validaciones;post;;04/16/20;09:23:42
58506813640;000;validar token- token invalido- token_model;post;;04/16/20;09:23:42
824044746;000;validar  token corresponda a uid- token no corresponde a uid- validaciones;post;;04/16/20;09:23:42
231522255526;000;validar email si existe - email si existe - validaciones;post;;04/16/20;09:23:42
637759630142;000;validar token- token invalido- token_model;post;;04/16/20;09:23:42
4944781408;000;validar  token corresponda a uid- token no corresponde a uid- validaciones;post;;04/16/20;09:23:42
635253115;000;validar telefono si existe - telefono si existe - validaciones;post;;04/16/20;09:23:42
633937108915;000;validar token- token invalido- token_model;post;;04/16/20;09:23:42
554225867342;000;validar  token corresponda a uid- token no corresponde a uid- validaciones;post;;04/16/20;09:23:42
6765165022;000;validar permiso admin o geente - usuario no posee permiso de admin o gerente- validaciones;post;;04/16/20;09:23:42
9209579319;000;validar token- token invalido- token_model;post;;04/16/20;09:26:44
57389930068;000;validar  token corresponda a uid- token no corresponde a uid- validaciones;post;;04/16/20;09:26:44
61876527496;000;validar email si existe - email si existe - validaciones;post;;04/16/20;09:26:44
00396821276;000;validar header- no se enviaron todo los parametros- header_controller;post;;04/16/20;10:14:50
032308891;000;validar header- no se enviaron todo los parametros- header_controller;post;;04/16/20;10:14:50
413822007;000;validar header- no se enviaron todo los parametros- header_controller;post;;04/16/20;10:14:50
20608522486;000;validar token- token invalido- token_model;post;;04/16/20;10:14:50
536893180160;000;validar si lleva json la consulta- no se enviaron json- validaciones;post;;04/16/20;10:14:50
2860772661;000;validar token- token invalido- token_model;post;;04/16/20;10:14:50
910123545579;000;validar si trae los parametros necesario- no se enviaron los parametros- registrar_controller;post;;04/16/20;10:14:50
99826896950;000;validar token- token invalido- token_model;post;;04/16/20;10:14:50
73582647421;000;validar si trae los parametros necesario- no se enviaron los parametros- registrar_controller;post;;04/16/20;10:14:50
363953353564;000;validar token- token invalido- token_model;post;;04/16/20;10:14:50
779430136;000;validar si trae los parametros necesario- no se enviaron los parametros- registrar_controller;post;;04/16/20;10:14:50
73364824772;000;validar token- token invalido- token_model;post;;04/16/20;10:21:04
392516720661;000;validar si trae los parametros necesario- no se enviaron los parametros- registrar_controller;post;;04/16/20;10:21:04
1758015090;000;validar token- token invalido- token_model;post;;04/16/20;10:21:23
18615737769;000;validar  token corresponda a uid- token no corresponde a uid- validaciones;post;;04/16/20;10:21:23
22407562497;000;validar permiso admin o gerente - usuario no posee permiso de admin o gerente- validaciones;post;;04/16/20;10:21:23
402926968242;000;validar token- token invalido- token_model;post;;04/16/20;10:22:33
671923634721;000;validar  token corresponda a uid- token no corresponde a uid- validaciones;post;;04/16/20;10:22:33
30380303592;000;validar permiso admin o gerente - usuario no posee permiso de admin o gerente- validaciones;post;;04/16/20;10:22:33
969481005;000;validar token- token invalido- token_model;post;;04/16/20;10:26:11
69236198853;000;validar  token corresponda a uid- token no corresponde a uid- validaciones;post;;04/16/20;10:26:11
287908667;000;validar permiso admin o gerente - usuario no posee permiso de admin o gerente- validaciones;post;;04/16/20;10:26:11
316134910;000;validar token- token invalido- token_model;post;;04/16/20;10:26:36
962616969733;000;validar  token corresponda a uid- token no corresponde a uid- validaciones;post;;04/16/20;10:26:36
43750871980;000;validar permiso admin o gerente - usuario no posee permiso de admin o gerente- validaciones;post;;04/16/20;10:26:36
9468322558;000;validar token- token invalido- token_model;post;;04/16/20;10:26:58
92424333195;000;validar  token corresponda a uid- token no corresponde a uid- validaciones;post;;04/16/20;10:26:58
4233964681;000;validar permiso admin o gerente - usuario no posee permiso de admin o gerente- validaciones;post;;04/16/20;10:26:58
8138109751;000;validar token- token invalido- token_model;post;;04/16/20;10:27:11
542326415210;000;validar  token corresponda a uid- token no corresponde a uid- validaciones;post;;04/16/20;10:27:11
4782959063;000;validar permiso admin o gerente - usuario no posee permiso de admin o gerente- validaciones;post;;04/16/20;10:27:11
243024741;000;validar token- token invalido- token_model;post;;04/16/20;10:27:49
0271129375;000;validar  token corresponda a uid- token no corresponde a uid- validaciones;post;;04/16/20;10:27:49
820266334598;000;validar permiso admin o gerente - usuario no posee permiso de admin o gerente- validaciones;post;;04/16/20;10:27:49
631689596127;000;validar token- token invalido- token_model;post;;04/16/20;10:29:06
334509870;000;validar  token corresponda a uid- token no corresponde a uid- validaciones;post;;04/16/20;10:29:06
063070621315;000;validar permiso admin o gerente - usuario no posee permiso de admin o gerente- validaciones;post;;04/16/20;10:29:06
7902029637;000;validar token- token invalido- token_model;post;;04/16/20;10:29:27
43752002134;000;validar  token corresponda a uid- token no corresponde a uid- validaciones;post;;04/16/20;10:29:27
2110487312;000;validar permiso admin o gerente - usuario no posee permiso de admin o gerente- validaciones;post;;04/16/20;10:29:27
48356379758;000;validar token- token invalido- token_model;post;;04/16/20;10:29:57
961926429;000;validar  token corresponda a uid- token no corresponde a uid- validaciones;post;;04/16/20;10:29:57
084398659;000;validar permiso admin o gerente - usuario no posee permiso de admin o gerente- validaciones;post;;04/16/20;10:29:57
70256707771;000;validar token- token invalido- token_model;post;;04/16/20;10:29:57
823630600;000;validar  token corresponda a uid- token no corresponde a uid- validaciones;post;;04/16/20;10:29:57
167684550;000;validar header- no se enviaron todo los parametros- header_controller;post;;04/16/20;11:14:20
053452151169;000;validar si lleva json la consulta- no se enviaron json- validaciones;post;;04/16/20;11:14:20
58908544003;000;validar si trae los parametros necesario- no se enviaron los parametros- registrar_controller;post;;04/16/20;11:14:20
542030560496;000;validar email si existe - email si existe - validaciones;post;;04/16/20;11:14:20
=======
=======
864694766;000;validar token- token invalido- token_model;post;;04/15/20;12:07:07
44315748499;000;validar si trae los parametros necesario- no se enviaron los parametros- login_controller;post;;04/15/20;12:07:07
<<<<<<< HEAD
89406572864;000;validar header- no se enviaron todo los parametros- header_controller;post;;04/15/20;17:54:00
168695478;000;validar header- no se enviaron todo los parametros- header_controller;post;;04/15/20;17:54:00
9410882091;000;validar header- no se enviaron todo los parametros- header_controller;post;;04/15/20;17:54:00
7402703118;000;validar header- no se enviaron todo los parametros- header_controller;post;;04/15/20;17:54:00
4113278040;000;validar header- no se enviaron todo los parametros- header_controller;post;;04/15/20;17:54:00
2745363342;000;validar header- no se enviaron todo los parametros- header_controller;post;;04/15/20;17:54:00
1530040660;000;validar header- no se enviaron todo los parametros- header_controller;post;;04/15/20;17:54:00
19451428516;000;validar token- token invalido- token_model;post;;04/15/20;18:14:55
4752670055;000;validar si trae los parametros necesario- no se enviaron los parametros- login_controller;post;;04/15/20;18:14:55
648922664696;000;validar token- token invalido- token_model;post;;04/15/20;18:14:55
316495533961;000;validar si trae los parametros necesario- no se enviaron los parametros- login_controller;post;;04/15/20;18:14:55
317571359452;000;validar token- token invalido- token_model;post;;04/15/20;18:14:55
54273291647;000;validar si trae los parametros necesario- no se enviaron los parametros- login_controller;post;;04/15/20;18:14:55
4809625547;000;validar token- token invalido- token_model;post;;04/15/20;18:14:55
147402166;000;validar si trae los parametros necesario- no se enviaron los parametros- login_controller;post;;04/15/20;18:14:55
4815075603;000;validar token- token invalido- token_model;post;;04/15/20;18:14:55
548695932;000;validar si trae los parametros necesario- no se enviaron los parametros- login_controller;post;;04/15/20;18:14:55
15526750180;000;validar token- token invalido- token_model;post;;04/15/20;18:14:55
162031341573;000;validar si trae los parametros necesario- no se enviaron los parametros- login_controller;post;;04/15/20;18:14:55
729187666251;000;validar token- token invalido- token_model;post;;04/15/20;18:14:55
52019238140;000;validar si trae los parametros necesario- no se enviaron los parametros- login_controller;post;;04/15/20;18:14:55
6643360048;000;validar token- token invalido- token_model;post;;04/15/20;18:14:55
7084787004;000;validar si trae los parametros necesario- no se enviaron los parametros- login_controller;post;;04/15/20;18:14:55
=======
>>>>>>> 1c981bd54011b2fa60b3c6790b2fd47c9c31d399
>>>>>>> fe17b82255d7814337a4dcfeba27da76e34bd213
318048102;000;validar token- token invalido- token_model;post;;04/16/20;00:51:45
232860969;000;validar token- token invalido- token_model;post;;04/16/20;00:51:45
463008868;000;validar token- token invalido- token_model;post;;04/16/20;00:51:45
7182501880;000;validar token- token invalido- token_model;post;;04/16/20;08:10:08
383159167;000;validar token- token invalido- token_model;post;;04/16/20;08:10:08
4028667125;000;validar token- token invalido- token_model;post;;04/16/20;08:16:52
17479773018;000;validar token- token invalido- token_model;post;;04/16/20;08:17:43
66308400450;000;validar token- token invalido- token_model;post;;04/16/20;08:17:43
550042999630;000;validar token- token invalido- token_model;post;;04/16/20;08:19:25
939795188;000;validar token- token invalido- token_model;post;;04/16/20;08:20:07
910253072286;000;validar token- token invalido- token_model;post;;04/16/20;08:21:57
057585832;000;validar token- token invalido- token_model;post;;04/16/20;08:25:55
983752498;000;validar token- token invalido- token_model;post;;04/16/20;08:26:52
149049699;000;validar si trae los parametros necesario- no se enviaron los parametros- login_controller;post;;04/16/20;08:29:30
065040945924;000;validar si trae los parametros necesario- no se enviaron los parametros- login_controller;post;;04/16/20;08:31:47
326542901523;000;validar login- usuario no existe o no permitido para este login- login_model;post;;04/16/20;08:31:47
948388724;000;validar si trae los parametros necesario- no se enviaron los parametros- login_controller;post;;04/16/20;08:31:47
256466774853;000;validar si trae los parametros necesario- no se enviaron los parametros- login_controller;post;;04/16/20;08:31:47
<<<<<<< HEAD
359635068;000;validar token- token invalido- token_model;post;;04/17/20;07:49:32
24235629440;000;validar token- token invalido- token_model;post;;04/17/20;07:49:32
777085365;000;validar token- token invalido- token_model;post;;04/17/20;07:49:32
881335485598;000;validar token- token invalido- token_model;post;;04/17/20;07:49:32
642142366;000;validar token- token invalido- token_model;post;;04/17/20;07:49:32
375461817;000;validar token- token invalido- token_model;post;;04/17/20;07:49:32
5708273059;000;validar token- token invalido- token_model;post;;04/17/20;07:49:32
022596906;000;validar token- token invalido- token_model;post;;04/17/20;07:49:32
24499798158;000;validar token- token invalido- token_model;post;;04/17/20;07:49:32
73342322441;000;validar token- token invalido- token_model;post;;04/17/20;07:49:32
518969010;000;validar token- token invalido- token_model;post;;04/17/20;07:49:32
649170021105;000;validar token- token invalido- token_model;post;;04/17/20;07:49:32
763785066210;000;validar token- token invalido- token_model;post;;04/17/20;07:49:32
7740386744;000;validar token- token invalido- token_model;post;;04/17/20;07:49:32
598430797478;000;validar token- token invalido- token_model;post;;04/17/20;07:49:32
=======
>>>>>>> 29ff36e411f1ba954f7601b11388937353b1ee81
1632240213;000;validar email si existe - email si existe - validaciones;post;;04/16/20;11:42:12
237442108058;000;crear cliente;POST;admin;04/16/20;11:42:12
<<<<<<< HEAD
>>>>>>> 9d31da0833afbb4f1de9e891ae1c0245580573c8
421109986030;000;validar login gerente- usuario no existe o no permitido para este login- login_model;post;;04/17/20;15:29:44
6668675039;000;validar login gerente- usuario no existe o no permitido para este login- login_model;post;;04/17/20;15:29:44
100125667052;000;validar token- token invalido- token_model;post;;04/17/20;15:29:44
1942071507;000;validar si trae los parametros necesario- no se enviaron los parametros- login_controller;post;;04/17/20;15:29:44
099084589;000;validar token- token invalido- token_model;post;;04/18/20;09:47:32
992015903102;000;validar si trae los parametros necesario- no se enviaron los parametros- login_controller;post;;04/18/20;09:47:32
34555085006;000;validar token- token invalido- token_model;post;;04/18/20;09:47:32
6375374110;000;validar si trae los parametros necesario- no se enviaron los parametros- login_controller;post;;04/18/20;09:47:32
300603574;000;validar login- usuario no existe o no permitido para este login- login_model;post;;04/18/20;09:47:32
=======
9288748933;000;validar token- token invalido- token_model;post;;04/17/20;15:46:51
2455322900;000;validar  token corresponda a uid- token no corresponde a uid- validaciones;post;;04/17/20;15:46:51
89904884612;000;validar email si existe - email si existe - validaciones;post;;04/17/20;15:46:51
068884288384;000;validar token- token invalido- token_model;post;;04/17/20;15:47:21
4435762512;000;validar  token corresponda a uid- token no corresponde a uid- validaciones;post;;04/17/20;15:47:21
26329468767;000;validar permiso admin- usuario no tiene permiso de admin- validaciones;post;;04/17/20;15:47:21
666312726078;000;validar token- token invalido- token_model;post;;04/17/20;15:47:21
328045312;000;validar  token corresponda a uid- token no corresponde a uid- validaciones;post;;04/17/20;15:47:21
985034796462;000;validar token- token invalido- token_model;post;;04/17/20;16:32:38
5940315592;000;validar  token corresponda a uid- token no corresponde a uid- validaciones;post;;04/17/20;16:32:38
84160585557;000;validar telefono si existe - telefono si existe - validaciones;post;;04/17/20;16:32:38
0746951743;000;validar token- token invalido- token_model;post;;04/17/20;16:32:38
2665549448;000;validar  token corresponda a uid- token no corresponde a uid- validaciones;post;;04/17/20;16:32:38
045929148623;000;validar token- token invalido- token_model;post;;04/18/20;10:26:48
3705870384;000;validar  token corresponda a uid- token no corresponde a uid- validaciones;post;;04/18/20;10:26:48
<<<<<<< HEAD
>>>>>>> a5b3731012b80ad30f7b14a3fe768df4f77671ba
=======
679252799747;000;validar token- token invalido- token_model;post;;04/18/20;11:40:17
647312374950;000;validar token- token invalido- token_model;post;;04/18/20;11:40:17
812571657;000;validar si trae los parametros necesario- no se enviaron los parametros- login_controller;post;;04/18/20;11:40:17
4236158881;000;validar token- token invalido- token_model;post;;04/18/20;11:40:17
07575764310;000;validar si trae los parametros necesario- no se enviaron los parametros- login_controller;post;;04/18/20;11:40:17
72517840389;000;validar token- token invalido- token_model;post;;04/18/20;11:42:05
3132892080;000;validar login gerente- usuario no existe o no permitido para este login- login_model;post;;04/18/20;11:42:05
454101727;000;validar token- token invalido- token_model;post;;04/18/20;11:42:33
4836833443;000;validar login admin tienda- usuario no existe o no permitido para este login- login_model;post;;04/18/20;11:42:33
43513093102;000;validar token- token invalido- token_model;post;;04/18/20;11:42:33
>>>>>>> fe766107cb10f9c261c66db6a13f2af1e3b43e11
61122014370;000;validar si trae los parametros necesario- no se enviaron los parametros- login_controller;post;;04/18/20;12:02:47
1043916146;000;validar token- token invalido- token_model;post;;04/18/20;12:02:47
29741955780;000;validar si trae los parametros necesario- no se enviaron los parametros- login_controller;post;;04/18/20;12:02:47
676542228105;000;validar si trae los parametros necesario- no se enviaron los parametros- login_controller;post;;04/18/20;12:02:47
784955470;000;validar si trae los parametros necesario- no se enviaron los parametros- login_controller;post;;04/18/20;13:18:18
4572625849;000;validar si trae los parametros necesario- no se enviaron los parametros- login_controller;post;;04/18/20;13:18:18
7936211105;000;validar si trae los parametros necesario- no se enviaron los parametros- login_controller;post;;04/18/20;13:18:18
75826650120;000;validar si trae los parametros necesario- no se enviaron los parametros- login_controller;post;;04/18/20;13:18:18
1377264090;000;validar si trae los parametros necesario- no se enviaron los parametros- login_controller;post;;04/18/20;13:18:18
1438484614;000;validar si trae los parametros necesario- no se enviaron los parametros- login_controller;post;;04/18/20;13:18:18
255034532;000;validar si trae los parametros necesario- no se enviaron los parametros- login_controller;post;;04/18/20;13:18:18
5002345266;000;validar token- token invalido- token_model;post;;04/18/20;13:58:52
80920520722;000;validar token- token invalido- token_model;post;;04/18/20;13:59:26
9192057531;000;validar token- token invalido- token_model;post;;04/18/20;13:59:41
4420791355;000;validar token- token invalido- token_model;post;;04/18/20;13:59:54
9787008060;000;validar token- token invalido- token_model;post;;04/18/20;14:00:57
549335950031;000;validar token- token invalido- token_model;post;;04/18/20;14:01:11
13771282999;000;validar login admin tienda- usuario no existe o no permitido para este login- login_model;post;;04/18/20;14:01:11
7169148202;000;validar token- token invalido- token_model;post;;04/18/20;14:01:36
729450411;000;validar login clientes- usuario no existe o no permitido para este login- login_model;post;;04/18/20;14:01:36
0035410671;000;validar token- token invalido- token_model;post;;04/18/20;14:01:36
299842310171;000;validar login clientes- usuario no existe o no permitido para este login- login_model;post;;04/18/20;14:01:36
469620757754;000;validar token- token invalido- token_model;post;;04/18/20;14:01:36
88252753197;000;validar login clientes- usuario no existe o no permitido para este login- login_model;post;;04/18/20;14:01:36
603950332278;000;validar token- token invalido- token_model;post;;04/18/20;14:01:36
753580108319;000;validar login clientes- usuario no existe o no permitido para este login- login_model;post;;04/18/20;14:01:36
536611881;000;validar token- token invalido- token_model;post;;04/18/20;14:03:18
99779984838;000;validar login clientes- usuario no existe o no permitido para este login- login_model;post;;04/18/20;14:03:18
3356409768;000;validar token- token invalido- token_model;post;;04/18/20;14:03:49
956475959;000;validar login clientes- usuario no existe o no permitido para este login- login_model;post;;04/18/20;14:03:49
119452214606;000;validar token- token invalido- token_model;post;;04/18/20;14:04:26
7142917937;000;validar login clientes- usuario no existe o no permitido para este login- login_model;post;;04/18/20;14:04:26
399648830;000;validar token- token invalido- token_model;post;;04/18/20;14:04:44
2943556934;000;validar login clientes- usuario no existe o no permitido para este login- login_model;post;;04/18/20;14:04:44
856645488;000;validar token- token invalido- token_model;post;;04/18/20;14:04:50
862705552;000;validar login clientes- usuario no existe o no permitido para este login- login_model;post;;04/18/20;14:04:50
11898825393;000;validar token- token invalido- token_model;post;;04/18/20;14:04:50
8632094526;000;validar login admin tienda- usuario no existe o no permitido para este login- login_model;post;;04/18/20;14:04:50
487299188158;000;validar token- token invalido- token_model;post;;04/18/20;14:04:50
40933362882;000;validar login admin tienda- usuario no existe o no permitido para este login- login_model;post;;04/18/20;14:04:50
00664591703;000;validar token- token invalido- token_model;post;;04/18/20;14:04:50
986778151083;000;validar login admin tienda- usuario no existe o no permitido para este login- login_model;post;;04/18/20;14:04:50
661853418418;000;validar token- token invalido- token_model;post;;04/18/20;14:04:50
122619289;000;validar token- token invalido- token_model;post;;04/18/20;14:04:50
3137083540;000;validar login clientes- usuario no existe o no permitido para este login- login_model;post;;04/18/20;14:04:50
443710048;000;validar token- token invalido- token_model;post;;04/18/20;14:04:50
58240060554;000;validar login clientes- usuario no existe o no permitido para este login- login_model;post;;04/18/20;14:04:50
63484074643;000;validar token- token invalido- token_model;post;;04/18/20;14:06:58
399112477;000;validar login clientes- usuario no existe o no permitido para este login- login_model;post;;04/18/20;14:06:58
591678287;000;validar token- token invalido- token_model;post;;04/18/20;14:06:58
59478179331;000;validar login clientes- usuario no existe o no permitido para este login- login_model;post;;04/18/20;14:06:58
0330520290;000;validar token- token invalido- token_model;post;;04/18/20;14:06:58
912666907;000;validar login clientes- usuario no existe o no permitido para este login- login_model;post;;04/18/20;14:06:58
397836295874;000;validar token- token invalido- token_model;post;;04/18/20;14:07:59
0411935152;000;validar login clientes- usuario no existe o no permitido para este login- login_model;post;;04/18/20;14:07:59
01792591117;000;validar token- token invalido- token_model;post;;04/18/20;14:08:13
736284040;000;validar login clientes- usuario no existe o no permitido para este login- login_model;post;;04/18/20;14:08:13
51013018904;000;validar token- token invalido- token_model;post;;04/18/20;14:09:06
<<<<<<< HEAD
3678654600;000;validar si trae los parametros necesario- no se enviaron los parametros- login_controller;post;;04/19/20;08:43:09
04292564203;000;validar token- token invalido- token_model;post;;04/19/20;08:43:37
17968639431;000;validar si trae los parametros necesario- no se enviaron los parametros- login_controller;post;;04/19/20;08:43:37
581374453552;000;validar token- token invalido- token_model;post;;04/19/20;08:43:37
53341260081;000;validar si trae los parametros necesario- no se enviaron los parametros- login_controller;post;;04/19/20;08:43:37
=======
815811981472;000;validar email si existe - email si existe - validaciones;post;;04/19/20;09:19:52
07160587156;000;crear cliente;POST;admin;04/19/20;09:19:52
<<<<<<< HEAD
>>>>>>> 6f5ac70da68f98d03956531bac412f9fe87a8724
561211294198;000;crear cliente;POST;admin;04/19/20;09:54:11
646810634;000;crear cliente;POST;admin;04/19/20;09:54:11
611848939805;000;crear cliente;POST;admin;04/19/20;09:54:11
227013816750;000;crear cliente;POST;admin;04/19/20;09:54:11
207974541;000;crear cliente;POST;admin;04/19/20;09:54:11
77040070582;000;crear cliente;POST;admin;04/19/20;09:54:11
598362754;000;crear cliente;POST;admin;04/19/20;09:54:11
4020458287;000;crear cliente;POST;admin;04/19/20;09:54:11
231007589;000;validar token- token invalido- token_model;post;;04/19/20;20:52:44
0394643033;000;validar si trae los parametros necesario- no se enviaron los parametros- login_controller;post;;04/19/20;20:52:44
049712082;000;validar token- token invalido- token_model;post;;04/19/20;20:52:44
05560943071;000;validar si trae los parametros necesario- no se enviaron los parametros- login_controller;post;;04/19/20;20:52:44
479035229;000;validar token- token invalido- token_model;post;;04/19/20;20:52:44
73945790967;000;validar si trae los parametros necesario- no se enviaron los parametros- login_controller;post;;04/19/20;20:52:44
040195055373;000;validar token- token invalido- token_model;post;;04/19/20;20:52:44
737628935137;000;validar si trae los parametros necesario- no se enviaron los parametros- login_controller;post;;04/19/20;20:52:44
7392210854;000;validar token- token invalido- token_model;post;;04/19/20;20:52:44
404997449;000;validar si trae los parametros necesario- no se enviaron los parametros- login_controller;post;;04/19/20;20:52:44
119759359;000;validar token- token invalido- token_model;post;;04/19/20;20:52:44
9235349859;000;validar si trae los parametros necesario- no se enviaron los parametros- login_controller;post;;04/19/20;20:52:44
13944196506;000;validar si trae los parametros necesario- no se enviaron los parametros- registrar_controller;post;;04/20/20;16:38:48
876524550790;000;validar login adm_tienda- usuario no existe o no permitido para este login- login_model;post;;04/20/20;19:41:01
239819695958;000;validar login adm_tienda- usuario no existe o no permitido para este login- login_model;post;;04/20/20;19:41:01
122510654;000;validar token- token invalido- token_model;post;;04/20/20;19:41:01
60770261566;000;validar login clientes- usuario no existe o no permitido para este login- login_model;post;;04/20/20;20:58:05
3367008488;000;validar login admin tienda- usuario no existe o no permitido para este login- login_model;post;;04/20/20;20:58:05
23795869803;000;validar login admin tienda- usuario no existe o no permitido para este login- login_model;post;;04/20/20;20:58:05
080832852;000;validar login admin tienda- usuario no existe o no permitido para este login- login_model;post;;04/20/20;20:58:05
19182156809;000;validar login admin tienda- usuario no existe o no permitido para este login- login_model;post;;04/20/20;20:58:05
511370195;000;validar login admin tienda- usuario no existe o no permitido para este login- login_model;post;;04/20/20;20:58:05
1118568211;000;validar login admin tienda- usuario no existe o no permitido para este login- login_model;post;;04/20/20;20:58:05
26237406425;000;validar login admin tienda- usuario no existe o no permitido para este login- login_model;post;;04/20/20;20:58:05
49182509274;000;validar login admin tienda- usuario no existe o no permitido para este login- login_model;post;;04/20/20;20:58:05
339447099212;000;validar si trae los parametros necesario- no se enviaron los parametros- login_controller;post;;04/20/20;20:58:05
834268065186;000;validar si trae los parametros necesario- no se enviaron los parametros- login_controller;post;;04/20/20;20:58:05
3196635847;000;validar si trae los parametros necesario- no se enviaron los parametros- login_controller;post;;04/20/20;20:58:05
=======
078733527186;000;validar email si existe - email si existe - validaciones;post;;04/19/20;10:03:15
2418667385;000;validar header- no se enviaron todo los parametros- header_controller;post;;04/19/20;13:26:54
2834334131;000;validar token- token invalido- token_model;post;;04/19/20;13:26:54
085988216943;000;validar si lleva json la consulta- no se enviaron json- validaciones;post;;04/19/20;13:26:54
048515247775;000;validar token- token invalido- token_model;post;;04/19/20;13:26:54
472188226;000;validar si trae los parametros necesario- no se enviaron los parametros- registrar_controller;post;;04/19/20;13:26:54
9303892955;000;validar token- token invalido- token_model;post;;04/19/20;13:26:54
454890899;000;validar  token corresponda a uid- token no corresponde a uid- validaciones;post;;04/19/20;13:26:54
8073234668;000;validar permiso admin o gerente - usuario no posee permiso de admin o gerente- validaciones;post;;04/19/20;13:26:54
626290476;000;validar token- token invalido- token_model;post;;04/19/20;13:50:13
81269982793;000;validar  token corresponda a uid- token no corresponde a uid- validaciones;post;;04/19/20;13:50:13
818708195;000;validar permiso admin o gerente - usuario no posee permiso de admin o gerente- validaciones;post;;04/19/20;13:50:13
605215775712;000;validar token- token invalido- token_model;post;;04/19/20;13:50:13
188507909889;000;validar  token corresponda a uid- token no corresponde a uid- validaciones;post;;04/19/20;13:50:13
908191296;000;validar permiso admin o gerente - usuario no posee permiso de admin o gerente- validaciones;post;;04/19/20;13:50:13
597756937066;000;validar token- token invalido- token_model;post;;04/19/20;13:50:58
340660526697;000;validar  token corresponda a uid- token no corresponde a uid- validaciones;post;;04/19/20;13:50:58
905712313663;000;validar permiso admin o gerente - usuario no posee permiso de admin o gerente- validaciones;post;;04/19/20;13:50:58
38645236561;000;validar token- token invalido- token_model;post;;04/19/20;13:51:10
149789410512;000;validar  token corresponda a uid- token no corresponde a uid- validaciones;post;;04/19/20;13:51:10
9630228654;000;validar permiso admin o gerente - usuario no posee permiso de admin o gerente- validaciones;post;;04/19/20;13:51:10
89711389063;000;validar token- token invalido- token_model;post;;04/19/20;13:51:10
90363221229;000;validar  token corresponda a uid- token no corresponde a uid- validaciones;post;;04/19/20;13:51:10
377480144818;000;validar permiso admin o gerente - usuario no posee permiso de admin o gerente- validaciones;post;;04/19/20;13:51:10
409501688555;000;validar token- token invalido- token_model;post;;04/19/20;13:51:23
6826897295;000;validar  token corresponda a uid- token no corresponde a uid- validaciones;post;;04/19/20;13:51:23
484773598;000;validar permiso admin o gerente - usuario no posee permiso de admin o gerente- validaciones;post;;04/19/20;13:51:23
7397435756;000;validar token- token invalido- token_model;post;;04/19/20;13:51:56
91583805274;000;validar  token corresponda a uid- token no corresponde a uid- validaciones;post;;04/19/20;13:51:56
848012433678;000;validar permiso admin o gerente - usuario no posee permiso de admin o gerente- validaciones;post;;04/19/20;13:51:56
354291884;000;validar token- token invalido- token_model;post;;04/19/20;13:52:05
933175559030;000;validar  token corresponda a uid- token no corresponde a uid- validaciones;post;;04/19/20;13:52:05
128211851724;000;validar token- token invalido- token_model;post;;04/19/20;13:52:11
9364866724;000;validar  token corresponda a uid- token no corresponde a uid- validaciones;post;;04/19/20;13:52:11
111683405696;000;validar token- token invalido- token_model;post;;04/19/20;13:53:00
7981106315;000;validar  token corresponda a uid- token no corresponde a uid- validaciones;post;;04/19/20;13:53:00
0932679488;000;validar token- token invalido- token_model;post;;04/19/20;13:53:09
594375076389;000;validar  token corresponda a uid- token no corresponde a uid- validaciones;post;;04/19/20;13:53:09
602861038;000;validar token- token invalido- token_model;post;;04/19/20;13:53:24
161087011;000;validar  token corresponda a uid- token no corresponde a uid- validaciones;post;;04/19/20;13:53:24
02481337437;000;validar token- token invalido- token_model;post;;04/19/20;13:53:35
3068548932;000;validar  token corresponda a uid- token no corresponde a uid- validaciones;post;;04/19/20;13:53:35
28810162352;000;validar token- token invalido- token_model;post;;04/19/20;21:40:50
6189595970;000;validar  token corresponda a uid- token no corresponde a uid- validaciones;post;;04/19/20;21:40:50
413289236349;000;validar token- token invalido- token_model;post;;04/19/20;21:41:35
7700075475;000;validar  token corresponda a uid- token no corresponde a uid- validaciones;post;;04/19/20;21:41:35
685679354923;000;validar email si existe - email si existe - validaciones;post;;04/19/20;22:15:20
8832230702;000;validar email si existe - email si existe - validaciones;post;;04/19/20;22:15:20
240960159;000;validar email si existe - email si existe - validaciones;post;;04/19/20;22:15:20
889431118670;000;validar email si existe - email si existe - validaciones;post;;04/19/20;22:15:53
73716195245;000;validar email si existe - email si existe - validaciones;post;;04/19/20;22:15:53
724500590;000;validar email si existe - email si existe - validaciones;post;;04/19/20;22:16:34
189095476375;000;validar email si existe - email si existe - validaciones;post;;04/19/20;22:18:25
755340797282;000;validar email si existe - email si existe - validaciones;post;;04/19/20;22:18:48
498773681;000;validar email si existe - email si existe - validaciones;post;;04/19/20;22:19:06
08074939833;000;validar email si existe - email si existe - validaciones;post;;04/19/20;22:19:06
24424610501;000;validar email si existe - email si existe - validaciones;post;;04/19/20;22:19:06
15491700698;000;validar email si existe - email si existe - validaciones;post;;04/19/20;22:19:06
143467155908;000;validar email si existe - email si existe - validaciones;post;;04/19/20;22:19:58
342123914429;000;validar email si existe - email si existe - validaciones;post;;04/19/20;22:20:41
928323646;000;validar email si existe - email si existe - validaciones;post;;04/19/20;22:20:52
7792939003;000;validar email si existe - email si existe - validaciones;post;;04/19/20;22:21:06
6033939065;000;validar email si existe - email si existe - validaciones;post;;04/19/20;22:21:48
342217735;000;validar email si existe - email si existe - validaciones;post;;04/19/20;22:22:12
4756538541;000;se valida que los valores resivido no sean null -campos null -validaciones;post;undefined;04/19/20;22:23:59
25590850707;000;validar email si existe - email si existe - validaciones;post;;04/19/20;22:24:17
7342144011;000;se valida que los valores resivido no sean null -campos null -validaciones;post;undefined;04/19/20;22:24:24
493488338;000;validar email si existe - email si existe - validaciones;post;;04/19/20;22:24:32
288910229247;000;se valida que los valores resivido no sean null -campos null -validaciones;post;undefined;04/19/20;22:24:45
275322312304;000;validar token- token invalido- token_model;post;;04/19/20;22:27:41
71169481802;000;validar  token corresponda a uid- token no corresponde a uid- validaciones;post;;04/19/20;22:27:41
5093151072;000;validar token- token invalido- token_model;post;;04/19/20;22:27:41
45080799437;000;se valida que los valores resivido no sean null -campos null -validaciones;post;undefined;04/19/20;22:27:41
238391630;000;validar token- token invalido- token_model;post;;04/19/20;22:28:49
833557395581;000;validar  token corresponda a uid- token no corresponde a uid- validaciones;post;;04/19/20;22:28:49
709341574;000;validar token- token invalido- token_model;post;;04/19/20;22:28:49
347568424;000;validar  token corresponda a uid- token no corresponde a uid- validaciones;post;;04/19/20;22:28:49
579574812427;000;validar token- token invalido- token_model;post;;04/19/20;22:28:49
2508699566;000;se valida que los valores resivido no sean null -campos null -validaciones;post;undefined;04/19/20;22:28:49
454342264;000;validar token- token invalido- token_model;post;;04/19/20;23:26:54
271989515;000;validar si trae los parametros necesario- no se enviaron los parametros- registrar_controller;post;;04/19/20;23:26:54
03959229318;000;validar token- token invalido- token_model;post;;04/19/20;23:26:54
57370164404;000;validar  token corresponda a uid- token no corresponde a uid- validaciones;post;;04/19/20;23:26:54
987357494;000;validar token- token invalido- token_model;post;;04/19/20;23:26:54
267254714638;000;validar  token corresponda a uid- token no corresponde a uid- validaciones;post;;04/19/20;23:26:54
254116309;000;validar token- token invalido- token_model;post;;04/19/20;23:31:40
37481102663;000;validar  token corresponda a uid- token no corresponde a uid- validaciones;post;;04/19/20;23:31:40
166788175;000;validar permiso admin o gerente - usuario no posee permiso de admin o gerente- validaciones;post;;04/19/20;23:31:40
699616785709;000;validar token- token invalido- token_model;post;;04/19/20;23:31:40
270867588455;000;validar  token corresponda a uid- token no corresponde a uid- validaciones;post;;04/19/20;23:31:40
434587331;000;validar token- token invalido- token_model;post;;04/19/20;23:35:43
54373538523;000;validar  token corresponda a uid- token no corresponde a uid- validaciones;post;;04/19/20;23:35:43
2412236158;000;validar token- token invalido- token_model;post;;04/19/20;23:35:43
627444463038;000;validar  token corresponda a uid- token no corresponde a uid- validaciones;post;;04/19/20;23:35:43
1329444066;000;validar token- token invalido- token_model;post;;04/19/20;23:35:43
401006355582;000;validar  token corresponda a uid- token no corresponde a uid- validaciones;post;;04/19/20;23:35:43
576146641139;000;validar token- token invalido- token_model;post;;04/19/20;23:35:43
416379191937;000;validar  token corresponda a uid- token no corresponde a uid- validaciones;post;;04/19/20;23:35:43
71146286379;000;validar token- token invalido- token_model;post;;04/20/20;01:04:24
015015162706;000;validar  token corresponda a uid- token no corresponde a uid- validaciones;post;;04/20/20;01:04:24
3209516139;000;validar header- no se enviaron todo los parametros- header_controller;post;;04/20/20;01:28:34
163416703;000;validar token- token invalido- token_model;post;;04/20/20;01:28:34
341953529;000;validar  token corresponda a uid- token no corresponde a uid- validaciones;post;;04/20/20;01:28:34
9580949395;000;validar token- token invalido- token_model;post;;04/20/20;01:32:55
2911362093;000;validar si trae los parametros necesario- no se enviaron los parametros- registrar_controller;post;;04/20/20;01:32:55
757873597863;000;validar token- token invalido- token_model;post;;04/20/20;01:32:55
775678075;000;validar  token corresponda a uid- token no corresponde a uid- validaciones;post;;04/20/20;01:32:55
489971678218;000;asignacion de de tienda;;;04/20/20;01:32:55
674056198518;000;validar token- token invalido- token_model;post;;04/20/20;01:34:37
563982486;000;validar  token corresponda a uid- token no corresponde a uid- validaciones;post;;04/20/20;01:34:37
9101188671;000;asignacion de de tienda;;;04/20/20;01:34:37
791658843;000;validar token- token invalido- token_model;post;;04/20/20;01:35:01
46570591259;000;validar  token corresponda a uid- token no corresponde a uid- validaciones;post;;04/20/20;01:35:01
051189881;000;validar token- token invalido- token_model;post;;04/20/20;01:36:11
9546849500;000;validar  token corresponda a uid- token no corresponde a uid- validaciones;post;;04/20/20;01:36:11
>>>>>>> bbe68b118ea0ea53ba9b9cf64baa5be5aa729803
